{"cameraMode":{"drawMode":0,"name":"Shaded","section":"Shading Mode"},"sceneLighting":false,"audioPlay":false,"sceneViewState":{"m_AlwaysRefresh":false,"showFog":true,"showSkybox":false,"showFlares":true,"showImageEffects":true,"showParticleSystems":true,"showVisualEffectGraphs":true,"m_FxEnabled":true},"in2DMode":false,"pivot":{"x":-0.3288022577762604,"y":1.5406768321990967,"z":-2.1732425689697267},"rotation":{"x":0.0006646464462392032,"y":-0.9985861778259277,"z":0.008166953921318055,"w":0.06491393595933914},"size":1.430374026298523,"orthographic":false}