{"cameraMode":{"drawMode":0,"name":"Shaded","section":"Shading Mode"},"sceneLighting":false,"audioPlay":false,"sceneViewState":{"m_AlwaysRefresh":false,"showFog":true,"showSkybox":false,"showFlares":true,"showImageEffects":true,"showParticleSystems":true,"showVisualEffectGraphs":true,"m_FxEnabled":true},"in2DMode":false,"pivot":{"x":-0.054879602044820788,"y":1.0445623397827149,"z":0.3297329246997833},"rotation":{"x":-0.00006472774839494377,"y":-0.9998760223388672,"z":-0.005318352021276951,"w":0.040925364941358569},"size":0.8660253882408142,"orthographic":false}