{"cameraMode":{"drawMode":0,"name":"Shaded","section":"Shading Mode"},"sceneLighting":false,"audioPlay":false,"sceneViewState":{"m_AlwaysRefresh":false,"showFog":true,"showSkybox":false,"showFlares":true,"showImageEffects":true,"showParticleSystems":true,"showVisualEffectGraphs":true,"m_FxEnabled":true},"in2DMode":false,"pivot":{"x":-0.07979017496109009,"y":1.11551034450531,"z":-1.0239307880401612},"rotation":{"x":-0.0033714883029460909,"y":0.9920176863670349,"z":0.01854413002729416,"w":0.130341038107872},"size":1.4220218658447266,"orthographic":false}