{"cameraMode":{"drawMode":0,"name":"Shaded","section":"Shading Mode"},"sceneLighting":false,"audioPlay":false,"sceneViewState":{"m_AlwaysRefresh":false,"showFog":true,"showSkybox":false,"showFlares":true,"showImageEffects":true,"showParticleSystems":true,"showVisualEffectGraphs":true,"m_FxEnabled":true},"in2DMode":false,"pivot":{"x":-0.0000010728836059570313,"y":0.8533636927604675,"z":-0.04512545466423035},"rotation":{"x":0.013752339407801628,"y":-0.9832786917686462,"z":0.08048911392688751,"w":0.16717882454395295},"size":1.4243770837783814,"orthographic":false}