{"cameraMode":{"drawMode":0,"name":"Shaded","section":"Shading Mode"},"sceneLighting":false,"audioPlay":false,"sceneViewState":{"m_AlwaysRefresh":false,"showFog":true,"showSkybox":false,"showFlares":true,"showImageEffects":true,"showParticleSystems":true,"showVisualEffectGraphs":true,"m_FxEnabled":true},"in2DMode":false,"pivot":{"x":-0.3328433632850647,"y":1.45139479637146,"z":-1.8668068647384644},"rotation":{"x":0.0012229608837515116,"y":-0.9993566870689392,"z":0.02316994033753872,"w":0.04691718891263008},"size":1.72316312789917,"orthographic":false}